-- phpMyAdmin SQL Dump
-- version 4.9.2
-- https://www.phpmyadmin.net/
--
-- Host: 127.0.0.1:3306
-- Generation Time: Nov 23, 2021 at 06:24 AM
-- Server version: 10.4.10-MariaDB
-- PHP Version: 7.3.12

SET SQL_MODE = "NO_AUTO_VALUE_ON_ZERO";
SET AUTOCOMMIT = 0;
START TRANSACTION;
SET time_zone = "+00:00";


/*!40101 SET @OLD_CHARACTER_SET_CLIENT=@@CHARACTER_SET_CLIENT */;
/*!40101 SET @OLD_CHARACTER_SET_RESULTS=@@CHARACTER_SET_RESULTS */;
/*!40101 SET @OLD_COLLATION_CONNECTION=@@COLLATION_CONNECTION */;
/*!40101 SET NAMES utf8mb4 */;

--
-- Database: `e4s`
--

-- --------------------------------------------------------

--
-- Table structure for table `defaults`
--

DROP TABLE IF EXISTS `defaults`;
CREATE TABLE IF NOT EXISTS `defaults` (
  `default_id` varchar(50) NOT NULL,
  `default_tilte` varchar(100) NOT NULL,
  `default_description` mediumtext DEFAULT NULL,
  `default_type` varchar(100) NOT NULL,
  `default_unit` varchar(50) DEFAULT NULL,
  `lower_range` varchar(10) DEFAULT NULL,
  `upper_range` varchar(10) DEFAULT NULL,
  `value` varchar(50) DEFAULT NULL,
  PRIMARY KEY (`default_id`)
) ENGINE=MyISAM DEFAULT CHARSET=latin1;

--
-- Dumping data for table `defaults`
--

INSERT INTO `defaults` (`default_id`, `default_tilte`, `default_description`, `default_type`, `default_unit`, `lower_range`, `upper_range`, `value`) VALUES
('yousee_website', 'Yousee website URL', NULL, '', NULL, NULL, NULL, 'https://yousee.one/'),
('pagination', 'pagination values', NULL, '', NULL, '5', '50', '10');

-- --------------------------------------------------------

--
-- Table structure for table `district`
--

DROP TABLE IF EXISTS `district`;
CREATE TABLE IF NOT EXISTS `district` (
  `district_id` int(3) NOT NULL AUTO_INCREMENT,
  `district` varchar(50) NOT NULL,
  `district_alias` text NOT NULL,
  `latitude` double NOT NULL,
  `longitude` double NOT NULL,
  `state` varchar(50) NOT NULL,
  `state_id` int(11) NOT NULL,
  PRIMARY KEY (`district_id`)
) ENGINE=MyISAM AUTO_INCREMENT=765 DEFAULT CHARSET=latin1;

--
-- Dumping data for table `district`
--

INSERT INTO `district` (`district_id`, `district`, `district_alias`, `latitude`, `longitude`, `state`, `state_id`) VALUES
(1, 'Adilabad', '', 19.623397, 78.534286, 'Telangana', 1),
(2, 'Anantapur', '', 14.600576, 77.598381, 'Andhra Pradesh', 2),
(3, 'Chittor', '', 13.214259, 79.092522, 'Andhra Pradesh', 2),
(4, 'Kadapa', '', 14.457003, 78.812371, 'Andhra Pradesh', 2),
(5, 'East Godavari', '', 17.031649, 82.228228, 'Andhra Pradesh', 2),
(6, 'Guntur', '', 16.376902, 80.471517, 'Andhra Pradesh', 2),
(7, 'Hyderabad', '', 17.429603, 78.511842, 'Telangana', 1),
(8, 'Karimnagar', '', 18.409349, 79.151141, 'Telangana', 1),
(9, 'Khammam', '', 17.246565, 80.142458, 'Telangana', 1),
(10, 'Krishna', '', 16.506072, 80.718048, 'Andhra Pradesh', 2),
(11, 'Kurnool', '', 15.460015, 77.900505, 'Andhra Pradesh', 2),
(12, 'Medak', '', 18.105597, 78.335485, 'Telangana', 1),
(13, 'Mahabubnagar', 'Mehbubnagar, Mehabubnagar, Mahaboobnagar, Mahboobnagar', 16.749747, 78.007282, 'Telangana', 1),
(14, 'Nalgonda', '', 17.079291, 79.248626, 'Telangana', 1),
(15, 'Nellore', '', 14.430405, 79.982415, 'Andhra Pradesh', 2),
(16, 'Nizamabad', '', 18.678535, 78.068374, 'Telangana', 1),
(17, 'Prakasam', '', 15.279927, 79.976921, 'Andhra Pradesh', 2),
(18, 'Ranga Reddy', '', 17.128872, 78.478078, 'Telangana', 1),
(19, 'Srikakulam', '', 18.301166, 83.875003, 'Andhra Pradesh', 2),
(20, 'Vishakapatnam', '', 17.71501, 83.22223, 'Andhra Pradesh', 2),
(21, 'Vizianagaram', '', 18.100384, 83.403976, 'Andhra Pradesh', 2),
(22, 'Warangal Urban', '', 17.992613, 79.553316, 'Telangana', 1),
(23, 'West Godavari', '', 16.787548, 81.24056, 'Andhra Pradesh', 2),
(101, 'Tiruchirappalli', 'Trichy', 10.889221, 78.707601, 'Tamil Nadu', 3),
(29, 'Wanaparthy', '', 16.367497, 78.066053, 'Telangana', 1),
(30, 'Bhadradri', '', 17.582832, 80.670304, 'Telangana', 1),
(31, 'Jagitial', 'Jagityal', 18.793405, 78.910797, 'Telangana', 1),
(32, 'Jangaon', '', 17.707553, 79.270766, 'Telangana', 1),
(33, 'Bhupalapally', 'Bhoopalapalli, Jayashankar', 18.428341, 79.881714, 'Telangana', 1),
(34, 'Gadwal', 'Jogulamba', 16.126494, 77.806671, 'Telangana', 1),
(35, 'Kamareddy', '', 18.325937, 78.329654, 'Telangana', 1),
(36, 'Komaram Bheem', 'Asifabad', 19.366699, 79.310334, 'Telangana', 1),
(37, 'Mahabubabad', '', 17.601019, 80.008056, 'Telangana', 1),
(38, 'Mancherial', '', 19.032674, 79.503463, 'Telangana', 1),
(39, 'Medchal-Malkajgiri', '', 17.534147, 78.5414, 'Telangana', 1),
(40, 'Nagarkurnool', '', 16.489613, 78.340881, 'Telangana', 1),
(41, 'Nirmal', '', 19.119751, 78.319708, 'Telangana', 1),
(42, 'Peddapalli', '', 18.718634, 79.45256, 'Telangana', 1),
(43, 'Sircilla', '', 18.388825, 78.789352, 'Telangana', 1),
(44, 'Sangareddy', '', 17.603875, 78.118518, 'Telangana', 1),
(45, 'Siddipet', '', 18.089758, 78.832777, 'Telangana', 1),
(46, 'Suryapet', '', 17.144916, 79.627655, 'Telangana', 1),
(47, 'Vikarabad', '', 17.339414, 77.895765, 'Telangana', 1),
(48, 'Warangal Rural', '', 17.880147, 79.75415, 'Telangana', 1),
(49, 'Yadadri', 'Bhongir, Bhuvanagiri', 17.587295, 78.948327, 'Telangana', 1),
(102, 'Raipur', '', 21.266729, 81.77001, '', 15),
(105, 'Malkangiri', '', 18.296385, 81.922788, '', 11),
(104, 'Shivamogga', 'Shimoga', 14.022759, 75.352605, '', 5),
(100, 'Khorda', '', 20.232404, 85.706195, '', 11),
(103, 'Sagar', '', 23.851876, 78.77844, '', 4),
(99, 'Angul', '', 20.892072, 84.979925, '', 11),
(66, 'Kanyakumari', '', 8.162902, 77.459901, '', 3),
(67, 'Indore', '', 22.691137, 75.908343, '', 4),
(68, 'Chennai', '', 13.058814, 80.247591, '', 3),
(69, 'Bengaluru Urban', 'Bangalore', 12.987758, 77.595818, '', 5),
(70, 'Paschim Medinipur', '', 22.294362, 87.34967, '', 6),
(71, 'Imphal West', '', 24.791278, 93.914688, '', 7),
(72, 'Nadia', '', 23.420843, 88.387767, '', 6),
(73, 'Anand', '', 22.571305, 72.944625, '', 8),
(74, 'Alwar', '', 27.550667, 76.621311, '', 9),
(75, 'Narayanpet', '', 16.75282, 77.495391, 'Telangana', 1),
(76, 'New Delhi', '', 28.60148, 77.176464, '', 10),
(77, 'Cuttack', '', 20.538502, 85.878391, '', 11),
(78, 'Darjeeling', '', 27.046156, 88.241044, '', 6),
(79, 'Pune', '', 18.537413, 73.884984, '', 12),
(80, 'Kamrup Metropolitan', '', 26.165777, 91.75974, '', 13),
(81, 'Kolkata', '', 22.579002, 88.348485, '', 6),
(82, 'Ernakulam', '', 9.994396, 76.30335, '', 14),
(83, 'Thanjavur', '', 10.752621, 79.181272, 'Tamil Nadu', 3),
(84, 'Nilgiris', '', 11.468149, 76.610148, '', 3),
(85, 'Alappuzha', '', 9.436189, 76.391413, '', 14),
(86, 'Kozhikode', '', 11.492517, 75.813627, '', 14),
(87, 'Kannur', '', 11.982269, 75.468089, '', 14),
(88, 'Kasaragod', '', 12.462571, 75.115408, '', 14),
(89, 'Kollam', '', 8.959492, 76.858586, '', 14),
(90, 'Malappuram', '', 11.142213, 76.135683, '', 14),
(91, 'Palakkad', '', 10.817294, 76.571539, '', 14),
(92, 'Pathanamthitta', '', 9.29147, 76.949036, '', 14),
(93, 'Thiruvananthapuram', '', 8.607149, 76.970723, '', 14),
(94, 'Thrissur', '', 10.479834, 76.258684, '', 14),
(95, 'Wayanad', '', 11.724209, 76.069315, '', 14),
(96, 'Idukki', '', 9.831483, 77.045282, '', 14),
(97, 'Kottayam', '', 9.592, 76.521107, '', 14),
(98, 'Kendrapara', '', 20.511286, 86.507831, '', 11),
(106, 'Koraput', '', 18.805812, 82.751937, '', 11),
(107, 'Nabarangpur', '', 19.545763, 82.334531, '', 11),
(108, 'Kalahandi', '', 19.887331, 83.086251, '', 11),
(109, 'Rayagada', '', 19.251328, 83.459443, '', 11),
(110, 'Gajapati', '', 19.170193, 84.188691, '', 11),
(111, 'Ganjam', '', 19.585041, 84.715417, '', 11),
(112, 'Kandhamal', '', 20.173281, 84.051203, '', 11),
(113, 'Balangir', '', 20.684775, 83.098288, '', 11),
(114, 'Nuapada', '', 20.499799, 82.602119, '', 11),
(115, 'Bargarh', '', 21.163159, 83.328762, '', 11),
(116, 'Subarnapur', 'Sonepur', 20.934214, 83.815634, '', 11),
(117, 'Boudh', '', 20.750642, 84.178832, '', 11),
(118, 'Nayagarh', '', 20.23872, 85.011967, '', 11),
(119, 'Ariyalur', '', 11.152434, 79.268299, '', 3),
(120, 'Chengalpet', '', 12.669622, 79.996793, '', 3),
(122, 'Coimbatore', '', 10.871145, 76.962821, '', 3),
(123, 'Cuddalore', '', 11.549954, 79.520891, '', 3),
(124, 'Dharmapuri', '', 12.125783, 78.170519, '', 3),
(125, 'Dindigul', '', 10.416431, 77.814314, '', 3),
(126, 'Erode', '', 11.544984, 77.471053, '', 3),
(127, 'Kallakurichi', '', 11.843818, 78.967833, '', 3),
(128, 'Kancheepuram', '', 12.865591, 79.991657, '', 3),
(130, 'Karur', '', 10.89672, 78.169118, '', 3),
(131, 'Krishnagiri', '', 12.645552, 78.02338, '', 3),
(132, 'Madurai', '', 9.942392, 77.966707, '', 3),
(133, 'Mayiladuthurai', '', 11.062034, 79.733593, '', 3),
(134, 'Nagapattinam', '', 10.653942, 79.768584, '', 3),
(135, 'Namakkal', '', 11.378806, 78.158926, '', 3),
(136, 'Perambalur', '', 11.292122, 78.90917, '', 3),
(137, 'Pudukkottai', '', 10.414559, 78.88616, '', 3),
(138, 'Ramanathapuram', '', 9.472658, 78.680838, '', 3),
(139, 'Ranipet', '', 12.93975, 79.332403, '', 3),
(140, 'Salem', '', 11.714223, 78.224971, '', 3),
(141, 'Sivagangai', '', 9.934724, 78.615309, '', 3),
(142, 'Tenkasi', '', 9.009561, 77.447945, '', 3),
(144, 'Theni', '', 9.895047, 77.436422, '', 3),
(145, 'The Nilgiris', 'Udagamandalam, Ootacamund', 11.47797, 76.663832, '', 3),
(146, 'Thoothukudi', 'Tuticorin, Chidambaranar', 8.897396, 77.988367, '', 3),
(148, 'Tirunelveli', '', 8.649727, 77.554597, '', 3),
(149, 'Tirupathur', '', 12.600133, 78.728278, '', 3),
(150, 'Tiruppur', '', 10.855735, 77.398173, '', 3),
(151, 'Tiruvallur', '', 13.230179, 79.975549, '', 3),
(152, 'Tiruvannamalai', 'Thiruvannamalai, Sambuvarayer', 12.47733, 79.113991, '', 3),
(153, 'Tiruvarur', '', 10.675017, 79.544122, '', 3),
(154, 'Vellore', '', 12.907603, 79.051983, '', 3),
(155, 'Viluppuram', 'Villupuram, Ramasamy Padayatchiyar', 11.984132, 79.324375, '', 3),
(156, 'Virudhunagar', '', 9.489086, 77.882547, '', 3),
(157, 'Bagalkot', '', 16.188741, 75.659584, '', 5),
(158, 'Bengaluru Rural', 'Bangalore Rural', 13.284134, 77.60811, '', 5),
(160, 'Belgaum', '', 15.86865, 74.509113, '', 5),
(161, 'Bellary', '', 15.148352, 76.903843, '', 5),
(162, 'Bidar', '', 17.911312, 77.497808, '', 5),
(163, 'Chamarajanagar', '', 12.014054, 77.16158, '', 5),
(164, 'Chikkaballapur', '', 13.588413, 77.847357, '', 5),
(165, 'Chikkamagaluru', '', 13.320294, 75.773478, '', 5),
(166, 'Chitradurga', '', 14.228795, 76.40162, '', 5),
(167, 'Dakshina Kannada', '', 12.894002, 75.277992, '', 5),
(168, 'Davanagere', '', 14.457698, 75.916471, '', 5),
(169, 'Dharwad', '', 15.461761, 74.998352, '', 5),
(170, 'Gadag', '', 15.429255, 75.634537, '', 5),
(171, 'Kalaburagi', 'Gulbarga', 17.335388, 76.8341, '', 5),
(172, 'Hassan', '', 13.012786, 76.105529, '', 5),
(173, 'Haveri', '', 14.797392, 75.401444, '', 5),
(174, 'Kodagu', '', 12.313997, 75.801462, '', 5),
(175, 'Kolar', '', 13.130906, 78.126761, '', 5),
(176, 'Koppal', '', 15.348344, 76.148708, '', 5),
(177, 'Mandya', '', 12.521871, 76.897835, '', 5),
(178, 'Mysore', '', 12.313656, 76.644956, '', 5),
(179, 'Raichur', '', 16.212318, 77.358019, '', 5),
(180, 'Ramanagara', '', 12.716285, 77.286123, '', 5),
(181, 'Shimoga', '', 13.943861, 75.562651, '', 5),
(182, 'Tumkur', '', 13.352047, 77.113398, '', 5),
(183, 'Udupi', '', 13.336149, 74.750352, '', 5),
(184, 'Uttara Kannada', '', 14.880164, 74.605649, '', 5),
(185, 'Vijayanagara', '', 14.928475, 76.201049, '', 5),
(186, 'Vijayapura', 'Bijapur', 16.836371, 75.720111, '', 5),
(187, 'Yadgir', '', 16.760001, 77.138872, '', 5),
(188, 'Ahmednagar', '', 19.096035, 74.749193, '', 12),
(189, 'Akola', '', 20.697584, 77.026894, '', 12),
(190, 'Amravati', '', 20.924555, 77.759672, '', 12),
(191, 'Aurangabad', '', 19.874926, 75.328544, '', 12),
(192, 'Beed', '', 18.996791, 75.756868, '', 12),
(193, 'Bhandara', '', 21.169479, 79.653694, '', 12),
(194, 'Buldhana', '', 20.525652, 76.183458, '', 12),
(195, 'Chandrapur', '', 19.97447, 79.292361, '', 12),
(196, 'Dhule', '', 20.900145, 74.770037, '', 12),
(197, 'Gadchiroli', '', 20.179966, 79.997824, '', 12),
(198, 'Gondia', '', 21.469178, 80.229782, '', 12),
(199, 'Hingoli', '', 19.723135, 77.153584, '', 12),
(200, 'Jalgaon', '', 20.995199, 75.570957, '', 12),
(201, 'Jalna', '', 19.850121, 75.887843, '', 12),
(202, 'Kolhapur', '', 16.692672, 74.245044, '', 12),
(203, 'Latur', '', 18.40788, 76.567138, '', 12),
(204, 'Mumbai City', '', 19.152107, 72.889369, '', 12),
(205, 'Mumbai Suburban', '', 19.148746, 72.878078, '', 12),
(206, 'Nagpur', '', 21.145019, 79.081423, '', 12),
(207, 'Nanded', '', 19.150819, 77.320658, '', 12),
(208, 'Nandurbar', '', 21.37367, 74.248874, '', 12),
(209, 'Nashik', '', 19.996111, 73.809657, '', 12),
(210, 'Osmanabad', '', 18.193796, 76.044774, '', 12),
(211, 'Palghar', '', 19.696298, 72.769042, '', 12),
(212, 'Parbhani', '', 19.264786, 76.781472, '', 12),
(214, 'Raigad', '', 18.556367, 73.160677, '', 12),
(215, 'Ratnagiri', '', 16.99607, 73.330746, '', 12),
(216, 'Sangli', '', 16.851486, 74.587018, '', 12),
(217, 'Satara', '', 17.680913, 74.014484, '', 12),
(218, 'Sindhudurg', '', 16.165275, 73.714285, '', 12),
(219, 'Solapur', '', 17.663093, 75.91827, '', 12),
(220, 'Thane', '', 19.235599, 72.983604, '', 12),
(221, 'Wardha', '', 20.748083, 78.606505, '', 12),
(222, 'Washim', '', 20.113804, 77.1334, '', 12),
(223, 'Yavatmal', '', 20.386901, 78.121289, '', 12),
(224, 'Bokaro', '', 23.794047, 85.888534, '', 16),
(225, 'Chatra', '', 24.20799, 84.868755, '', 16),
(226, 'Deoghar', '', 24.479918, 86.699174, '', 16),
(227, 'Dhanbad', '', 23.813659, 86.436306, '', 16),
(228, 'Dumka', '', 24.285271, 87.254788, '', 16),
(229, 'East Singhbhum', '', 22.581448, 86.396662, '', 16),
(230, 'Garhwa', '', 24.160963, 83.801073, '', 16),
(231, 'Giridih', '', 24.190316, 86.297689, '', 16),
(232, 'Godda', '', 24.82465, 87.211124, '', 16),
(233, 'Gumla', '', 23.048667, 84.542728, '', 16),
(234, 'Hazaribagh', '', 23.998853, 85.36735, '', 16),
(235, 'Jamtara', '', 23.958722, 86.809763, '', 16),
(236, 'Khunti', '', 23.068414, 85.279998, '', 16),
(237, 'Koderma', '', 24.467088, 85.594642, '', 16),
(238, 'Latehar', '', 23.746338, 84.507229, '', 16),
(239, 'Lohardaga', '', 23.44444, 84.685642, '', 16),
(240, 'Pakur', '', 24.639925, 87.844926, '', 16),
(241, 'Palamu', '', 23.835825, 85.953014, '', 16),
(242, 'Ramgarh', '', 23.634721, 85.511719, '', 16),
(243, 'Ranchi', '', 23.362054, 85.315133, '', 16),
(244, 'Sahebganj', '', 25.234678, 87.648046, '', 16),
(245, 'Seraikela Kharsawan', '', 22.865259, 85.994712, '', 16),
(246, 'Simdega', '', 22.616996, 84.497502, '', 16),
(247, 'West Singhbhum', '', 22.43258, 85.573086, '', 16),
(248, 'Dehradun', '', 30.454641, 77.862154, '', 20),
(249, 'Haridwar', '', 29.892837, 78.006072, '', 20),
(250, 'Chamoli', '', 30.508341, 79.628575, '', 20),
(251, 'Rudraprayag', '', 30.508421, 79.066714, '', 20),
(252, 'Tehri Garhwal', '', 30.39737, 78.577398, '', 20),
(253, 'Uttarkashi', '', 30.984528, 78.590568, '', 20),
(254, 'Pauri Garhwal', '', 29.908465, 78.797712, '', 20),
(255, 'Almora', '', 29.711358, 79.503173, '', 20),
(256, 'Nainital', '', 29.345384, 79.485483, '', 20),
(257, 'Pithoragarh', '', 30.123149, 80.420877, '', 20),
(258, 'Udham Singh Nagar', '', 28.976456, 79.50396, '', 20),
(259, 'Bageshwar', '', 29.964695, 79.909936, '', 20),
(260, 'Champawat', '', 29.294564, 80.086737, '', 20),
(261, 'Amritsar', '', 31.68689, 74.920607, '', 22),
(262, 'Gurdaspur', '', 31.941419, 75.307153, '', 22),
(263, 'Pathankot', '', 32.298549, 75.645617, '', 22),
(264, 'Tarn Taran', '', 31.321081, 74.771412, '', 22),
(265, 'Jalandhar', '', 31.23607, 75.561623, '', 22),
(266, 'Kapurthala', '', 31.379504, 75.31686, '', 22),
(267, 'Hoshiarpur', '', 31.654162, 75.843505, '', 22),
(268, 'Nawan Shehar', '', 31.091649, 76.145601, '', 22),
(269, 'Ludhiana', '', 30.819102, 75.840171, '', 22),
(270, 'Rup Nagar', '', 31.131304, 76.526519, '', 22),
(271, 'Fatehgarh Sahib', '', 30.646552, 76.411491, '', 22),
(272, 'Patiala', '', 30.32654, 76.37549, '', 22),
(273, 'Sangrur', '', 30.220146, 75.888502, '', 22),
(274, 'Barnala', '', 30.402182, 75.501721, '', 22),
(275, 'SAS Nagar', '', 30.701848, 76.698064, '', 22),
(276, 'Bathinda', '', 30.205472, 75.053871, '', 22),
(277, 'Mansa', '', 29.948131, 75.448381, '', 22),
(278, 'Sri Muktsar Sahib', 'Muktsar', 30.322478, 74.523796, '', 22),
(279, 'Ferozepur', '', 30.976544, 74.775819, '', 22),
(280, 'Fazilka', '', 30.37005, 74.146201, '', 22),
(281, 'Faridkot', '', 30.632647, 74.793852, '', 22),
(282, 'Moga', '', 30.78794, 75.179979, '', 22),
(283, 'SBS Nagar', '', 31.076359, 76.125002, '', 22),
(284, 'Central Delhi', '', 28.693561, 77.221585, '', 10),
(285, 'East Delhi', '', 28.626655, 77.291189, '', 10),
(287, 'North Delhi', '', 28.806545, 77.109708, '', 10),
(288, 'North East Delhi', '', 28.72087, 77.259172, '', 10),
(289, 'North West Delhi', '', 28.721279, 77.033976, '', 10),
(290, 'Shahdara', '', 28.681889, 77.265802, '', 10),
(291, 'South Delhi', '', 28.489918, 77.198852, '', 10),
(292, 'South East Delhi', '', 28.54872, 77.274771, '', 10),
(293, 'South West Delhi', '', 28.588334, 76.976907, '', 10),
(294, 'East Sikkim', '', 27.330488, 88.613551, '', 26),
(295, 'North Sikkim', '', 27.500799, 88.537201, '', 26),
(296, 'South Sikkim', '', 27.1661, 88.362198, '', 26),
(297, 'West Sikkim', '', 27.2922, 88.2547, '', 26),
(298, 'Kathua', '', 32.381001, 75.549103, '', 24),
(299, 'Jammu', '', 32.73, 74.87, '', 24),
(300, 'Samba', '', 32.57, 75.12, '', 24),
(301, 'Udhampur', '', 32.910631, 75.116005, '', 24),
(302, 'Reasi', '', 33.08, 74.83, '', 24),
(303, 'Rajouri', '', 33.368801, 74.316902, '', 24),
(304, 'Poonch', '', 33.772489, 74.086938, '', 24),
(305, 'Doda', '', 33.179612, 74.561693, '', 24),
(306, 'Ramban', '', 33.246405, 75.185115, '', 24),
(307, 'Kishtwar', '', 33.311199, 75.769699, '', 24),
(308, 'Anantnag', '', 33.73, 75.15, '', 24),
(309, 'Kulgam', '', 33.65, 75.02, '', 24),
(310, 'Pulwama', '', 33.88, 74.92, '', 24),
(311, 'Shopian', '', 33.719203, 74.830969, '', 24),
(312, 'Budgam', '', 33.943296, 74.685216, '', 24),
(313, 'Srinagar', '', 34.09, 74.79, '', 24),
(314, 'Ganderbal', '', 34.217201, 74.779999, '', 24),
(315, 'Bandipora', '', 34.4167, 74.65, '', 24),
(316, 'Baramulla', '', 34.203899, 74.354401, '', 24),
(317, 'Kupwara', '', 34.3, 74.27, '', 24),
(318, 'Agra', '', 27.18, 78.02, '', 19),
(319, 'Aligarh', '', 27.889893, 78.074524, '', 19),
(320, 'Ambedkar Nagar', '', 27.45, 83.133333, '', 19),
(321, 'Amethi', '', 26.1532, 81.806099, '', 19),
(322, 'Amroha', '', 28.893071, 78.472331, '', 19),
(323, 'Auraiya', '', 26.460702, 79.5105, '', 19),
(324, 'Ayodhya', '', 26.8, 82.2, '', 19),
(325, 'Azamgarh', '', 26.067099, 83.183779, '', 19),
(326, 'Baghpat', '', 28.94, 77.22, '', 19),
(327, 'Bahraich', '', 27.574366, 81.584774, '', 19),
(328, 'Ballia', '', 25.76112, 84.14828, '', 19),
(329, 'Balrampur', '', 27.43, 82.18, '', 19),
(330, 'Banda', '', 25.483333, 80.333333, '', 19),
(331, 'Barabanki', '', 26.92, 81.2, '', 19),
(332, 'Bareilly', '', 28.35184, 79.409555, '', 19),
(333, 'Basti', '', 26.820026, 82.625769, '', 19),
(334, 'Bhadohi', '', 25.42, 82.57, '', 19),
(335, 'Bijnor', '', 29.37345, 78.135011, '', 19),
(336, 'Budaun', '', 28.05, 79.12, '', 19),
(337, 'Bulandshahar', '', 28.417, 77.833, '', 19),
(338, 'Chandauli', '', 25.27, 83.27, '', 19),
(339, 'Chitrakoot', '', 25.215362, 80.914155, '', 19),
(340, 'Deoria', '', 26.577271, 83.833313, '', 19),
(341, 'Etah', '', 27.63, 78.67, '', 19),
(342, 'Etawah', '', 26.78599, 79.020553, '', 19),
(343, 'Farukkhabad', '', 27.37, 79.63, '', 19),
(344, 'Fatehpur', '', 25.9333, 80.8, '', 19),
(345, 'Firozabad', '', 27.156982, 78.389229, '', 19),
(346, 'Gautam Buddha Nagar', '', 28.5333, 77.3891, '', 19),
(347, 'Ghaziabad', '', 28.636758, 77.363148, '', 19),
(348, 'Ghazipur', '', 25.58, 83.57, '', 19),
(349, 'Gonda', '', 27.118733, 81.974229, '', 19),
(350, 'Gorakhpur', '', 26.7588, 83.3697, '', 19),
(351, 'Hamirpur', '', 25.957886, 80.149902, '', 19),
(352, 'Hapur', '', 28.730937, 77.775736, '', 19),
(353, 'Hardoi', '', 27.42, 80.12, '', 19),
(354, 'Hathras', '', 27.6, 78.05, '', 19),
(355, 'Jalaun', '', 26.143921, 79.325073, '', 19),
(356, 'Jaunpur', '', 25.754898, 82.687056, '', 19),
(357, 'Jhansi', '', 25.448731, 78.570129, '', 19),
(358, 'Kannauj', '', 27.056397, 79.918401, '', 19),
(359, 'Kanpur Dehat', '', 0, 0, '', 19),
(360, 'Kanpur Nagar', '', 26.339688, 80.292941, '', 19),
(361, 'Kasganj', '', 27.802664, 78.641507, '', 19),
(362, 'Kaushambi', '', 25.53, 81.38, '', 19),
(363, 'Kushi Nagar', '', 26.741, 83.888, '', 19),
(364, 'Lakhimpur Kheri', '', 27.9, 80.8, '', 19),
(365, 'Lalitpur', '', 24.690241, 78.416013, '', 19),
(366, 'Lucknow', '', 26.847, 80.947, '', 19),
(367, 'Maharajganj', '', 27.13, 83.57, '', 19),
(368, 'Mahoba', '', 25.291845, 79.872557, '', 19),
(369, 'Mainpuri', '', 27.218094, 79.035171, '', 19),
(370, 'Mathura', '', 27.476318, 77.693481, '', 19),
(371, 'Mau', '', 25.974821, 83.574635, '', 19),
(372, 'Meerut', '', 28.979191, 77.698186, '', 19),
(373, 'Mirzapur', '', 25.15, 82.6, '', 19),
(374, 'Moradabad', '', 28.833143, 78.765278, '', 19),
(375, 'Muzaffar Nagar', '', 29.472332, 77.708874, '', 19),
(376, 'Pilibhit', '', 28.621704, 79.811279, '', 19),
(377, 'Pratapgarh', '', 25.933, 81.983, '', 19),
(378, 'Prayagraj', '', 26.013804, 81.312573, '', 19),
(379, 'Raebareli', '', 26.247213, 81.23529, '', 19),
(380, 'Rampur', '', 28.783001, 79.017502, '', 19),
(381, 'Saharanpur', '', 29.964, 77.546, '', 19),
(382, 'Sambhal', '', 28.58, 78.55, '', 19),
(383, 'Sant Kabir Nagar', '', 26.78, 83.07, '', 19),
(384, 'Shahjahanpur', '', 27.88, 79.91, '', 19),
(385, 'Shamli', '', 29.445313, 77.317078, '', 19),
(386, 'Shravasti', '', 27.505427, 82.036083, '', 19),
(387, 'Siddharth Nagar', '', 27.300501, 83.094498, '', 19),
(388, 'Sitapur', '', 27.563463, 80.689994, '', 19),
(389, 'Sonbhadra', '', 24.682899, 83.063904, '', 19),
(390, 'Sultanpur', '', 26.2645, 82.0728, '', 19),
(391, 'Unnao', '', 26.548484, 80.484322, '', 19),
(392, 'Varanasi', '', 25.282, 82.9563, '', 19),
(393, 'Balod', '', 20.763488, 81.095138, '', 15),
(394, 'Baloda Bazar - Bhatapara', '', 21.674115, 82.065248, '', 15),
(395, 'Balrampur', '', 27.434949, 82.344949, '', 15),
(396, 'Bastar', '', 19.244563, 81.795267, '', 15),
(397, 'Bemetara', '', 21.648547, 81.518559, '', 15),
(398, 'Bijapur', 'Birjapur', 18.853999, 81.037225, '', 15),
(399, 'Bilaspur', 'Kahlur', 22.465838, 82.022533, '', 15),
(400, 'Dantewada', 'Dantewara, Dakshin Bastar', 18.842091, 81.44658, '', 15),
(401, 'Dhamtari', '', 20.811568, 81.642903, '', 15),
(402, 'Durg', '', 21.382023, 81.32193, '', 15),
(403, 'Gariaband', '', 20.67336, 82.172149, '', 15),
(404, 'Gaurela-Pendra-Marwah', 'Pendra Road', 22.814361, 81.890593, '', 15),
(405, 'Janjgir Champa', 'Champa', 21.922039, 82.779411, '', 15),
(406, 'Jashpur', '', 22.960137, 83.825079, '', 15),
(407, 'Kanker', '', 19.980484, 81.207286, '', 15),
(408, 'Kabirdham', 'Kawardha, Kabeerdham', 22.202705, 81.24097, '', 15),
(409, 'Kondagaon', 'Kondanar', 19.95464, 81.401818, '', 15),
(410, 'Korba', '', 22.572703, 82.324588, '', 15),
(411, 'Koria', 'Korea', 23.701438, 82.484237, '', 15),
(412, 'Mahasamund', '', 21.112812, 82.506652, '', 15),
(413, 'Mungeli', '', 22.162078, 81.601078, '', 15),
(414, 'Narayanpur', '', 19.718788, 81.25063, '', 15),
(415, 'Raigarh', '', 22.203169, 83.444079, '', 15),
(764, 'Puducherry', 'Pondicherry', 11.937216, 79.827088, '', 33),
(417, 'Rajnandagaon', '', 21.478424, 80.899958, '', 15),
(418, 'Sukma', '', 18.146344, 81.256856, '', 15),
(419, 'Surajpur', 'Dhaan Ka Katora', 23.369596, 82.913194, '', 15),
(420, 'Surguja', '', 22.900993, 83.120201, '', 15),
(421, 'Baska', '', 26.680171, 91.394641, '', 13),
(422, 'Bajali', '', 26.545246, 91.18667, '', 13),
(423, 'Barpeta', 'Satra Nagari', 26.285411, 90.975878, '', 13),
(424, 'Biswanath', 'Gupta Kashi', 26.724289, 93.143248, '', 13),
(425, 'Bongaigaon', 'Bong-ai-gaon', 26.330462, 90.59542, '', 13),
(426, 'Cachar', '', 24.864417, 92.884995, '', 13),
(427, 'Charaideo', 'Che-Rai-Doi , Charai-khorong Che-Tam-Doi-Phi', 27.019401, 95.018627, '', 13),
(428, 'Chirang', '', 26.650469, 90.631759, '', 13),
(429, 'Darrang', '', 26.423006, 92.089983, '', 13),
(430, 'Dhemaji', '', 27.62927, 94.840837, '', 13),
(431, 'Dhubri', 'Deba Kumar Kalita', 26.055991, 89.973735, '', 13),
(432, 'Dibrugarh', 'Dibarumukh', 27.408287, 95.017543, '', 13),
(433, 'Dima Hasao', 'North Cachar Hills District', 25.441997, 93.008157, '', 13),
(434, 'Goalpara', 'Gwaltippika', 26.094495, 90.47494, '', 13),
(435, 'Golaghat', '', 26.399776, 93.971959, '', 13),
(436, 'Hailakandi', '', 24.455373, 92.659608, '', 13),
(437, 'Hojai', 'Hojai-Kacharies', 25.223272, 93.017185, '', 13),
(438, 'Jorhat', 'Jorehaut', 26.785737, 94.173884, '', 13),
(440, 'Kamrup', '', 26.158932, 91.475068, '', 13),
(441, 'Karbi Anglong', 'Mikir Hills', 26.139994, 93.461958, '', 13),
(442, 'Karimganj', '', 24.624302, 92.367471, '', 13),
(443, 'Kokrajhar', '', 26.564162, 90.159348, '', 13),
(444, 'Lakhimpur', '', 27.152963, 94.080063, '', 13),
(445, 'Majuli', 'Majoli', 27.045134, 94.228949, '', 13),
(446, 'Morigaon', '', 26.28446, 92.308397, '', 13),
(447, 'Nagaon', '', 26.093577, 92.732772, '', 13),
(448, 'Nalbari', '', 26.372541, 91.370551, '', 13),
(449, 'Sivasagar', 'Rongpur, Meteka, Sibpur', 26.997481, 94.778878, '', 13),
(450, 'Sonitpur', 'Tezpur', 26.77105, 92.99953, '', 13),
(451, 'South Salmara Mankachar', '', 25.711255, 89.897668, '', 13),
(452, 'Tinsukia', 'Bangmara, Changmai Pathar', 27.5333, 95.645685, '', 13),
(453, 'Udalguri', 'Odalguri', 26.790086, 92.017411, '', 13),
(454, 'West Karbi Anglong', '', 25.852077, 92.57153, '', 13),
(455, 'Ajmer', 'Ajaymeru', 26.271404, 74.809366, '', 9),
(457, 'Banswara', '', 23.500738, 74.373519, '', 9),
(458, 'Baran', '', 24.972956, 76.68958, '', 9),
(459, 'Barmer', '', 25.734718, 71.554113, '', 9),
(460, 'Bharatpur', '', 27.241342, 77.304033, '', 9),
(461, 'Bhilwara', '', 25.519281, 74.748723, '', 9),
(462, 'Bikaner', 'Ratighatti', 28.18034, 73.054843, '', 9),
(463, 'Bundi', '', 25.504326, 75.822266, '', 9),
(464, 'Chittorgarh', '', 24.934324, 74.54104, '', 9),
(465, 'Churu', '', 28.360153, 74.532157, '', 9),
(466, 'Dausa', '', 26.912058, 76.485808, '', 9),
(467, 'Dholpur', '', 26.687256, 77.70382, '', 9),
(468, 'Dungarpur', '', 23.736304, 73.877946, '', 9),
(469, 'Hanumangarh', '', 29.232384, 74.579682, '', 9),
(470, 'Jaipur', 'Jainagar', 26.912857, 75.742214, '', 9),
(471, 'Jaisalmer', '', 27.100202, 71.011756, '', 9),
(472, 'Jalor', 'Jabalipur', 25.085721, 72.185793, '', 9),
(473, 'Jhalawar', '', 24.434694, 76.13556, '', 9),
(474, 'Jhunjhunu', '', 28.111353, 75.562004, '', 9),
(475, 'Jodhpur', '', 26.753535, 72.829789, '', 9),
(476, 'Karauli', '', 26.52343, 77.081584, '', 9),
(477, 'Kota', '', 25.049386, 76.036882, '', 9),
(478, 'Nagaur', '', 27.028194, 74.183485, '', 9),
(479, 'Pali', '', 25.684735, 73.483477, '', 9),
(480, 'Pratapgarh', 'Mand', 24.11972, 74.618747, '', 9),
(481, 'Rajsamand', '', 25.167211, 73.800206, '', 9),
(482, 'Sawai Madhopur', 'Ranthambore', 26.19486, 76.395186, '', 9),
(483, 'Sikar', '', 27.563027, 75.262957, '', 9),
(484, 'Sirohi', '', 24.75734, 72.795835, '', 9),
(485, 'Sri Ganganagar', 'Ramnagar', 29.519714, 73.591763, '', 9),
(486, 'Tonk', '', 26.139164, 75.676723, '', 9),
(487, 'Udaipur', '', 24.435184, 73.668721, '', 9),
(488, 'Agar Malwa', '', 23.937583, 75.974569, '', 4),
(489, 'Alirajpur', '', 22.212695, 74.442072, '', 4),
(490, 'Anuppur', '', 23.005236, 81.680729, '', 4),
(491, 'Ashoknagar', '', 24.617427, 77.862489, '', 4),
(492, 'Balaghat', '', 21.907662, 80.318725, '', 4),
(493, 'Barwani', 'Barwan', 21.821678, 74.954301, '', 4),
(494, 'Betul', '', 21.885698, 77.977341, '', 4),
(495, 'Bhind', '', 26.440933, 78.765084, '', 4),
(496, 'Bhopal', '', 23.521059, 77.406164, '', 4),
(497, 'Burhanpur', '', 21.363869, 76.402949, '', 4),
(498, 'Chhatarpur', '', 24.760796, 79.654564, '', 4),
(499, 'Chhindwara', '', 22.148429, 78.887636, '', 4),
(500, 'Damoh', '', 23.836526, 79.553751, '', 4),
(501, 'Datia', '', 25.828471, 78.594085, '', 4),
(502, 'Dewas', '', 22.718949, 76.459729, '', 4),
(503, 'Dhar', '', 22.505834, 75.153522, '', 4),
(504, 'Dindori', '', 22.887776, 81.009109, '', 4),
(505, 'Guna', '', 24.577324, 77.228021, '', 4),
(506, 'Gwalior', '', 26.048036, 78.137323, '', 4),
(507, 'Harda', '', 22.218933, 77.119127, '', 4),
(508, 'Hoshangabad', '', 22.606079, 78.020009, '', 4),
(510, 'Jabalpur', '', 23.252904, 79.97029, '', 4),
(511, 'Jhabua', '', 22.90091, 74.703545, '', 4),
(512, 'Katni', '', 23.748841, 80.426806, '', 4),
(513, 'Khandwa', 'East Nimar', 21.894064, 76.506923, '', 4),
(514, 'Khargone', 'West Nimar', 21.894196, 75.74697, '', 4),
(515, 'Mandla', '', 22.635408, 80.583562, '', 4),
(516, 'Mandsaur', '', 24.1125, 75.449957, '', 4),
(517, 'Morena', '', 26.437347, 77.88587, '', 4),
(518, 'Narsinghpur', '', 22.988518, 79.084596, '', 4),
(519, 'Neemuch', '', 24.588547, 75.138405, '', 4),
(520, 'Niwari', '', 25.390761, 78.821851, '', 4),
(521, 'Panna', '', 24.489099, 80.140567, '', 4),
(522, 'Raisen', '', 23.215586, 78.147618, '', 4),
(523, 'Rajgarh', '', 23.883315, 76.7268, '', 4),
(524, 'Ratlam', '', 23.54849, 75.0531, '', 4),
(525, 'Rewa', '', 24.787537, 81.59458, '', 4),
(763, 'Sambalpur', '', 21.475253, 84.173899, '', 11),
(527, 'Satna', '', 24.570602, 80.833923, '', 4),
(528, 'Sehore', '', 23.024362, 77.084133, '', 4),
(529, 'Seoni', '', 22.314504, 79.69028, '', 4),
(530, 'Shahdol', '', 23.662405, 81.456427, '', 4),
(531, 'Shajapur', '', 23.392154, 76.555162, '', 4),
(532, 'Sheopur', '', 25.795157, 77.030089, '', 4),
(533, 'Shivpuri', '', 25.379558, 77.870676, '', 4),
(534, 'Sidhi', '', 24.229833, 81.728047, '', 4),
(535, 'Singrauli', '', 24.224482, 82.396732, '', 4),
(536, 'Tikamgarh', '', 25.023209, 78.92485, '', 4),
(537, 'Ujjain', '', 23.370596, 75.672591, '', 4),
(538, 'Umaria', '', 23.598287, 80.978604, '', 4),
(539, 'Vidisha', '', 23.932592, 77.868765, '', 4),
(540, 'Changlang', '', 27.756773, 96.62527, '', 27),
(541, 'Tirap', '', 27.013867, 95.57281, '', 27),
(542, 'Anjaw', '', 28.06549, 96.82878, '', 27),
(543, 'Lohit', '', 27.91175, 96.171917, '', 27),
(544, 'Upper Dibang', '', 28.90621, 96.132755, '', 27),
(545, 'Lower Dibang', '', 28.143704, 95.843273, '', 27),
(546, 'West Siang', '', 28.165092, 94.769439, '', 27),
(547, 'East Siang', '', 28.252112, 95.106536, '', 27),
(548, 'Lower Subansiri', '', 27.629399, 93.838176, '', 27),
(549, 'Upper Siang', '', 28.797345, 95.03704, '', 27),
(550, 'Kurung Kumey', '', 27.942735, 93.674942, '', 27),
(551, 'Upper Subansiri', '', 27.801729, 94.359683, '', 27),
(552, 'East Kameng', '', 27.466048, 93.076929, '', 27),
(553, 'Papum Pare', '', 27.158931, 93.691394, '', 27),
(554, 'Tawang', '', 27.63005, 91.986053, '', 27),
(555, 'West Kameng', '', 27.239247, 92.401109, '', 27),
(556, 'Dibang', '', 28.699997, 95.699997, '', 27),
(557, 'Longding', '', 26.872816, 95.305748, '', 27),
(558, 'Namsai', '', 27.669212, 95.864402, '', 27),
(559, 'Kra Daadi', '', 28.15285, 94.12288, '', 27),
(560, 'Siang', '', 27.68166, 96.66138, '', 27),
(561, 'Kamle', '', 27.731233, 94.096466, '', 27),
(562, 'Shi-yomi', '', 28.685166, 94.236782, '', 27),
(563, 'Lepa-Rada', '', 27.924282, 94.71543, '', 27),
(564, 'Pakke Kessang', '', 27.158286, 93.15615, '', 27),
(565, 'Araria', '', 26.132914, 87.44993, '', 17),
(566, 'Arwal', '', 25.185862, 84.66277, '', 17),
(567, 'Aurangabad', '', 24.814028, 84.37203, '', 17),
(568, 'Banka', '', 24.875127, 86.84932, '', 17),
(569, 'Begusarai', '', 25.518241, 86.14521, '', 17),
(570, 'Bhagalpur', '', 25.237232, 86.98219, '', 17),
(571, 'Bhojpur', '', 25.12409, 87.08573, '', 17),
(572, 'Buxar', '', 25.568766, 83.98104, '', 17),
(573, 'Darbhanga', 'Darbanga', 26.153696, 85.90043, '', 17),
(574, 'East Champaran', '', 26.594467, 84.91506, '', 17),
(575, 'Gaya', '', 24.794221, 84.99393, '', 17),
(576, 'Gopalganj', '', 26.476131, 84.37387, '', 17),
(577, 'Jamui', '', 24.804321, 86.29757, '', 17),
(578, 'Jehanabad', '', 25.213398, 84.98854, '', 17),
(579, 'Khagaria', '', 25.508289, 86.47598, '', 17),
(580, 'Kishanganj', '', 26.097215, 87.94193, '', 17),
(581, 'Kaimur', '', 24.906975, 83.53172, '', 17),
(582, 'Katihar', 'Khatihar', 25.553507, 87.56973, '', 17),
(583, 'Lakhisarai', '', 25.173979, 86.09698, '', 17),
(584, 'Madhubani', '', 26.347409, 86.07068, '', 17),
(585, 'Munger', '', 25.372482, 86.47327, '', 17),
(586, 'Madhepura', '', 25.844334, 86.92051, '', 17),
(587, 'Muzaffarpur', '', 26.11536, 85.38565, '', 17),
(588, 'Nalanda', '', 25.235835, 85.44261, '', 17),
(589, 'Nawada', '', 24.886993, 85.53783, '', 17),
(590, 'Patna', '', 25.471777, 85319428, '', 17),
(591, 'Purnia', '', 25.780974, 87.475, '', 17),
(592, 'Rohtas', '', 24.62802, 83.919, '', 17),
(593, 'Saharsa', '', 25.885184, 86.60576, '', 17),
(594, 'Samastipur', '', 25.798261, 85.87776, '', 17),
(595, 'Sheohar', '', 26.514628, 85.29416, '', 17),
(596, 'Sheikhpura', '', 25.14035, 85.85056, '', 17),
(597, 'Saran', '', 26.050301, 84.62553, '', 17),
(598, 'Sitamarhi', '', 26.583554, 85.50598, '', 17),
(599, 'Supaul', '', 26.276359, 86.81123, '', 17),
(600, 'Siwan', '', 26.22274, 84.35888, '', 17),
(601, 'Vaishali', '', 26.005014, 85.08154, '', 17),
(602, 'West Champaran', '', 27.117737, 84.32102, '', 17),
(603, 'Ahmedabad', '', 25.850478, 72.2739, '', 8),
(604, 'Amreli', '', 21.464298, 71238112, '', 8),
(606, 'Aravalli', '', 23.455635, 73.355343, '', 8),
(607, 'Banaskantha', '', 24.307425, 72.351773, '', 8),
(608, 'Baruch', '', 21.726961, 73.002771, '', 8),
(609, 'Bhavnagar', '', 21.764308, 72.151644, '', 8),
(610, 'Botad', '', 22.171982, 71.66581, '', 8),
(611, 'Chotta Udaipur', '', 22.30748, 74.011835, '', 8),
(612, 'Dahod', '', 22.84117, 74.252235, '', 8),
(613, 'Dang', '', 20.815162, 73.701136, '', 8),
(614, 'Devbhoomi Dwarka', '', 22.137456, 69.471695, '', 8),
(615, 'Gandhinagar', '', 23.22732, 72.645545, '', 8),
(616, 'Gir Somnath', '', 20.948162, 70.783895, '', 8),
(617, 'Jamnagar', '', 22.473364, 70.050171, '', 8),
(618, 'Junagadh', '', 21.523845, 70.456146, '', 8),
(619, 'Kutch', '', 23.446567, 70.081329, '', 8),
(620, 'Kheda', '', 22.750702, 72.685843, '', 8),
(621, 'Mahisagar', '', 23.191859, 73.609883, '', 8),
(622, 'Mehsana', '', 23.599936, 72.381433, '', 8),
(623, 'Morbi', '', 22.818266, 70.853533, '', 8),
(624, 'Narmada', '', 21.748449, 73.63433, '', 8),
(625, 'Navsari', '', 20.946765, 72.944647, '', 8),
(626, 'Panchmahal', '', 22.715584, 73.608239, '', 8),
(627, 'Patan', '', 23.849593, 72.12284, '', 8),
(628, 'Porbandar', '', 21.644233, 69.633203, '', 8),
(629, 'Rajkot', '', 22.293486, 70.812367, '', 8),
(630, 'Sabarkantha', '', 23.771701, 72.999102, '', 8),
(631, 'Surat', '', 21.160423, 72.819537, '', 8),
(632, 'Surendranagar', '', 22.725161, 71.644507, '', 8),
(633, 'Tapi', '', 21.255233, 72.626324, '', 8),
(634, 'Vadodara', '', 22.320772, 73.164147, '', 8),
(635, 'Valsad', '', 20.608307, 72.922954, '', 8),
(636, 'Kargil', 'Purig', 33.707326, 76.794807, '', 25),
(637, 'Leh', '', 34.28993, 77.490077, '', 25),
(638, 'East Garo Hills', '', 25.675132, 90.618616, '', 32),
(639, 'North Garo Hills', '', 25.880225, 90.504977, '', 32),
(640, 'South Garo Hills', '', 25.309285, 90.565049, '', 32),
(641, 'South West Garo Hills', '', 25.425697, 90.037686, '', 32),
(642, 'West Garo Hills', '', 25.710623, 90.164029, '', 32),
(643, 'East Jaintia Hills', '', 25.267042, 92.509809, '', 32),
(644, 'West Jaintia Hills', 'Jaintia Hill district', 25.569602, 92.362696, '', 32),
(645, 'East Khasi Hills', '', 25.375148, 91.796986, '', 32),
(646, 'South West Khasi Hills', '', 25.31282, 91.278697, '', 32),
(647, 'West Khasi Hills', '', 25.631881, 91.275199, '', 32),
(648, 'Ri Bhoi', '', 25.859163, 91.931139, '', 32),
(649, 'Aizawl', '', 23.826583, 92.908687, '', 29),
(650, 'Champhai', '', 23.560267, 93.242692, '', 29),
(651, 'Hnahthial', '', 22.97071, 92.824173, '', 29),
(652, 'Khawzawl', '', 23.520697, 93.151868, '', 29),
(653, 'Kolasib', '', 24.138178, 92.730997, '', 29),
(654, 'Lawngtlai', '', 22.401119, 92.734729, '', 29),
(655, 'Lunglei', '', 22.980744, 92.720928, '', 29),
(656, 'Mamit', '', 23.746957, 92.466422, '', 29),
(657, 'Saiha', '', 22.354098, 93.038151, '', 29),
(658, 'Saitual', '', 23.970808, 92.575559, '', 29),
(659, 'Serchhip', '', 23.319533, 92.939863, '', 29),
(660, 'Dimapur', 'Hidimbapur', 25.776445, 93.796268, '', 28),
(661, 'Kiphire', '', 25.85779, 94.849476, '', 28),
(662, 'Kohima', 'Kewhira', 25.7897, 94.129214, '', 28),
(663, 'Longleng', '', 26.519341, 94.814978, '', 28),
(664, 'Mokokchung', '', 26.567717, 94.520604, '', 28),
(665, 'Mon', '', 26.771181, 95.052763, '', 28),
(666, 'Noklak', '', 26.216538, 95.03185, '', 28),
(667, 'Peren', '', 25.50107, 93.684658, '', 28),
(668, 'Phek', '', 25.729454, 94.548323, '', 28),
(669, 'Tuensang', '', 26.14008, 94.9005, '', 28),
(670, 'Wokha', '', 26.213244, 94.219864, '', 28),
(671, 'Zunheboto', 'Zunhebo', 26.005169, 94.530686, '', 28),
(672, 'Dhalai', '', 23.891834, 91.949388, '', 30),
(673, 'Gomati', '', 23.592597, 91.631846, '', 30),
(674, 'Khowai', '', 24.013746, 91.711406, '', 30),
(675, 'North Tripura', '', 24.077464, 92.234887, '', 30),
(676, 'Sipahijala', '', 23.605398, 91.330764, '', 30),
(677, 'South Tripura', '', 23.224957, 91.640821, '', 30),
(678, 'Unakoti', '', 24.224933, 92.035043, '', 30),
(679, 'West Tripura', '', 23.908734, 91.4125, '', 30),
(680, 'Alipurduar', 'Alipur', 26.670672, 89.393576, '', 6),
(681, 'Bankura', '', 23.130904, 87.113589, '', 6),
(682, 'Birbhum', '', 23.893138, 87.648823, '', 6),
(683, 'Cooch Behar', 'KochBihar, Coach-Bihar', 26.309628, 89.351786, '', 6),
(684, 'Dakshin Dinajpur', ' South Dinajpur', 25.358168, 88.572393, '', 6),
(685, 'Hooghly', '', 22.874031, 88.099541, '', 6),
(686, 'Howrah', 'Haora, Habara', 22.498714, 88.050334, '', 6),
(687, 'Jalpaiguri', '', 26.667066, 88.726874, '', 6),
(688, 'Jhargram', 'West Midnapore Division', 22.361815, 86.93752, '', 6),
(689, 'Kalimpong', '', 27.057112, 88.463169, '', 6),
(690, 'Malda', 'Maldah, Maldaha', 25.120417, 88.082674, '', 6),
(691, 'Murshidabad', 'Makhsudabad', 24.154688, 88.197801, '', 6),
(692, 'North 24 Parganas', '', 22.700099, 88.726362, '', 6),
(693, 'Paschim Burdwan', 'West Bardhaman', 23.39295, 87.878482, '', 6),
(694, 'Purba Burdwan', 'Burdwan', 23.365968, 87.919858, '', 6),
(695, 'Purba Medinipur', 'East Medinipur', 22.045627, 87.80334, '', 6),
(696, 'Purulia', '', 23.326644, 86.364962, '', 6),
(697, 'South 24 Parganas', '', 22.155624, 88.512844, '', 6),
(698, 'Uttar Dinajpur', 'North Dinajpur', 25.938241, 87.984522, '', 6),
(699, 'Bishnupur', 'Bishenpur', 24.529447, 93.743073, '', 7),
(700, 'Chandel', '', 24.25334, 94.093097, '', 7),
(701, 'Churachandpur', 'Manipur South District', 24.32366, 93.43675, '', 7),
(702, 'Imphal East', '', 24.852101, 94.002901, '', 7),
(703, 'Imphal West', '', 24.80957, 93.861196, '', 7),
(704, 'Jiribam', '', 24.789266, 93.121389, '', 7),
(705, 'Kakching', '', 24.495054, 93.982495, '', 7),
(706, 'Kamjong', '', 24.858644, 94.511958, '', 7),
(707, 'Kangpokpi', '', 25.151384, 93.969146, '', 7),
(708, 'Noney', '', 24.854487, 93.610727, '', 7),
(709, 'Pherzawl', 'Zawlkhawpui', 24.260599, 93.19053, '', 7),
(710, 'Senapati', 'Manipur North District', 25.189424, 94.066764, '', 7),
(711, 'Tamenglong', '', 25.028584, 93.502521, '', 7),
(712, 'Tengnoupal', '', 24.386228, 94.147993, '', 7),
(713, 'Thoubal', '', 24.544012, 93.949587, '', 7),
(714, 'Ukhrul', 'Manipur East District', 25.003044, 94.403375, '', 7),
(715, 'North Goa', '', 15.554254, 73.954806, '', 18),
(716, 'South Goa', '', 15.167154, 74.101998, '', 18),
(717, 'Bilaspur', 'Kahlur', 31.378627, 76.70515, '', 23),
(718, 'Chamba', '', 32.640446, 76.252354, '', 23),
(719, 'Hamirpur', '', 31.660853, 76.524717, '', 23),
(720, 'Kangra', '', 32.077079, 76.348594, '', 23),
(721, 'Kinnaur', 'Baspa Valley', 31.580188, 78.427981, '', 23),
(722, 'Kullu', '', 31.925967, 77.42111, '', 23),
(723, 'Lahaul & Spiti', '', 32.544815, 77.517277, '', 23),
(724, 'Mandi', 'Mandav Nagar, Sahor', 31.592341, 77.016803, '', 23),
(725, 'Shimla', '', 31.223643, 77.660519, '', 23),
(726, 'Sirmaur', 'Sirmur, Sirmour', 30.67214, 77.436214, '', 23),
(727, 'Solan', 'Mini Shimla', 31.040842, 76.916004, '', 23),
(728, 'Una', '', 31.601761, 76.212855, '', 23),
(729, 'Ambala', '', 30.313875, 76.970643, '', 21),
(730, 'Bhiwani', 'Bhani, Bhiyani, Bhiwani', 28.711999, 75.940437, '', 21),
(731, 'Charkhi Dadri', 'Dalmia Dadri', 28.614486, 76.21807, '', 21),
(732, 'Faridabad', '', 28.35986, 77.350054, '', 21),
(733, 'Fatehabad', 'Dhanagarh', 29.577791, 75.597663, '', 21),
(734, 'Gurugram', 'Gurgaon', 28.436774, 76.973944, '', 21),
(735, 'Hisar', 'Hisar Firoza, Hisar-e-Firoza', 29.228483, 75.849906, '', 21),
(736, 'Jhajjar', '', 28.588058, 76.653917, '', 21),
(737, 'Jind', 'Jaintapuri', 29.437229, 76.299668, '', 21),
(738, 'Kaithal', 'Kapisthal', 29.815007, 76.422103, '', 21),
(739, 'Karnal', '', 29.705888, 76.930935, '', 21),
(740, 'Kurukshetra', '', 30.044392, 76.79368, '', 21),
(741, 'Mahendragarh', '', 28.167716, 76.176401, '', 21),
(742, 'NuhDistrict', 'Mewat district', 27.997051, 77.045743, '', 21),
(743, 'Palwal', '', 28.143226, 77.323342, '', 21),
(744, 'Panchkula', 'Chandigarh Tricity', 30.697707, 76.985809, '', 21),
(745, 'Panipat', '', 29.351232, 76.940121, '', 21),
(746, 'Rewari', '', 28.240909, 76.562906, '', 21),
(747, 'Rohtak', 'Rohtasgarh', 28.925515, 76.528714, '', 21),
(748, 'Sirsa', 'Bhattiana district', 29.627012, 74.897229, '', 21),
(749, 'Sonipat', 'Sonprastha, Swarnprastha', 29.055476, 76.900433, '', 21),
(750, 'Yamunanagar', 'Abdullahpur, Jamnanagar, ', 30.227254, 77.306176, '', 21),
(751, 'Balasore', 'Baleswar, Baleshwar', 21.524789, 86.950093, '', 11),
(752, 'Bhadrak', '', 20.985155, 86.611515, '', 11),
(753, 'Deogarh', 'Debagarh', 21.537241, 84.730274, '', 11),
(754, 'Dhenkanal', '', 20.825265, 85.542985, '', 11),
(755, 'Jagatsinghapur', '', 20.225855, 86.361054, '', 11),
(756, 'Jajpur', '', 20.875806, 86.16821, '', 11),
(757, 'Jharsuguda', '', 21.833227, 83.993259, '', 11),
(758, 'Kendujhar', 'Keonjhar', 21.54653, 85.706039, '', 11),
(759, 'Mayurbhanj', '', 21.914421, 86.376199, '', 11),
(760, 'Puri', '', 19.92677, 85.809882, '', 11),
(762, 'Sundargarh', 'Sundergarh', 22.257052, 84.565504, '', 11);

-- --------------------------------------------------------

--
-- Table structure for table `equipment`
--

DROP TABLE IF EXISTS `equipment`;
CREATE TABLE IF NOT EXISTS `equipment` (
  `equipment_id` int(6) NOT NULL AUTO_INCREMENT,
  `equipment_type_id` int(3) DEFAULT NULL,
  `equipment_procurement_type_id` int(11) DEFAULT NULL,
  `manufacturer_party_id` int(11) DEFAULT NULL,
  `equipment_name` varchar(100) DEFAULT NULL,
  `model` varchar(20) DEFAULT NULL,
  `serial_number` varchar(100) DEFAULT NULL,
  `mac_address` varchar(100) DEFAULT NULL,
  `asset_number` varchar(100) DEFAULT NULL,
  `donor_party_id` int(11) DEFAULT NULL,
  `procured_by_party_id` int(11) DEFAULT NULL COMMENT 'Owner, map to vendor_id',
  `purchase_order_date` date DEFAULT NULL,
  `cost` int(9) DEFAULT NULL,
  `supplier_party_id` int(11) DEFAULT NULL COMMENT 'Map to vendor',
  `invoice_number` varchar(50) DEFAULT NULL,
  `invoice_date` date DEFAULT NULL,
  `supply_date` date DEFAULT NULL,
  `installation_date` date DEFAULT NULL,
  `warranty_start_date` date DEFAULT NULL,
  `warranty_end_date` date DEFAULT NULL,
  `functional_status_id` tinyint(1) DEFAULT 1,
  `procurement_status_id` tinyint(1) DEFAULT NULL,
  `created_by` int(11) DEFAULT NULL,
  `updated_by` int(11) DEFAULT NULL,
  `created_datetime` datetime DEFAULT NULL,
  `updated_datetime` datetime DEFAULT NULL,
  `deleted_by` int(11) DEFAULT NULL,
  `deleted_datetime` datetime DEFAULT NULL,
  `journal_type_id` int(11) NOT NULL,
  `journal_number` varchar(50) NOT NULL,
  `journal_date` date NOT NULL,
  `note` text DEFAULT NULL,
  PRIMARY KEY (`equipment_id`),
  KEY `equipment_procurement_type_id` (`equipment_procurement_type_id`),
  KEY `invoice_number` (`invoice_number`),
  KEY `donor_id` (`donor_party_id`)
) ENGINE=MyISAM AUTO_INCREMENT=1 DEFAULT CHARSET=latin1 COMMENT='List of equipments in hospital';

-- --------------------------------------------------------

--
-- Table structure for table `equipment_accessory`
--

DROP TABLE IF EXISTS `equipment_accessory`;
CREATE TABLE IF NOT EXISTS `equipment_accessory` (
  `equipment_accessory_id` int(11) NOT NULL AUTO_INCREMENT,
  `equipment_id` int(11) NOT NULL,
  `accessory_name` varchar(50) NOT NULL,
  `created_by` int(11) DEFAULT NULL,
  `created_datetime` datetime DEFAULT NULL,
  `updated_by` int(11) DEFAULT NULL,
  `updated_datetime` datetime DEFAULT NULL,
  `deleted_by` int(11) DEFAULT NULL,
  `deleted_datetime` datetime DEFAULT NULL,
  PRIMARY KEY (`equipment_accessory_id`),
  KEY `equipment_id` (`equipment_id`)
) ENGINE=MyISAM AUTO_INCREMENT=1 DEFAULT CHARSET=latin1;

-- --------------------------------------------------------

--
-- Table structure for table `equipment_category`
--

DROP TABLE IF EXISTS `equipment_category`;
CREATE TABLE IF NOT EXISTS `equipment_category` (
  `id` int(11) NOT NULL AUTO_INCREMENT,
  `equipment_category` varchar(70) NOT NULL,
  PRIMARY KEY (`id`)
) ENGINE=MyISAM AUTO_INCREMENT=4 DEFAULT CHARSET=latin1;

--
-- Dumping data for table `equipment_category`
--

INSERT INTO `equipment_category` (`id`, `equipment_category`) VALUES
(1, 'Biomedical'),
(2, 'Computers and Peripherals'),
(3, 'Furniture');

-- --------------------------------------------------------

--
-- Table structure for table `equipment_documents`
--

DROP TABLE IF EXISTS `equipment_documents`;
CREATE TABLE IF NOT EXISTS `equipment_documents` (
  `id` int(11) NOT NULL AUTO_INCREMENT,
  `equipment_id` int(11) NOT NULL,
  `document_date` date NOT NULL,
  `document_type_id` int(11) NOT NULL,
  `note` text NOT NULL,
  `document_link` varchar(200) NOT NULL,
  `create_datetime` datetime NOT NULL,
  `created_by` int(11) DEFAULT NULL,
  `update_datetime` datetime DEFAULT NULL,
  `update_by` int(11) DEFAULT NULL,
  `deleted_by` int(11) DEFAULT NULL,
  `deleted_datetime` datetime DEFAULT NULL,
  PRIMARY KEY (`id`)
) ENGINE=MyISAM AUTO_INCREMENT=1 DEFAULT CHARSET=latin1 COMMENT='Patient external reports scanned and uploaded';

-- --------------------------------------------------------

--
-- Table structure for table `equipment_document_type`
--

DROP TABLE IF EXISTS `equipment_document_type`;
CREATE TABLE IF NOT EXISTS `equipment_document_type` (
  `document_type_id` int(11) NOT NULL AUTO_INCREMENT,
  `document_type` varchar(50) NOT NULL,
  `note` text NOT NULL,
  PRIMARY KEY (`document_type_id`)
) ENGINE=MyISAM AUTO_INCREMENT=5 DEFAULT CHARSET=latin1 COMMENT='Type of Patient external reports scanned and uploaded';

--
-- Dumping data for table `equipment_document_type`
--

INSERT INTO `equipment_document_type` (`document_type_id`, `document_type`, `note`) VALUES
(1, 'Invoice', ''),
(2, 'Installation Image', ''),
(3, 'Audit Visit Image', ''),
(4, 'Service Issue Image', '');

-- --------------------------------------------------------

--
-- Table structure for table `equipment_functional_status`
--

DROP TABLE IF EXISTS `equipment_functional_status`;
CREATE TABLE IF NOT EXISTS `equipment_functional_status` (
  `functional_status_id` int(11) NOT NULL AUTO_INCREMENT,
  `working_status` varchar(300) NOT NULL,
  PRIMARY KEY (`functional_status_id`)
) ENGINE=MyISAM AUTO_INCREMENT=4 DEFAULT CHARSET=latin1;

--
-- Dumping data for table `equipment_functional_status`
--

INSERT INTO `equipment_functional_status` (`functional_status_id`, `working_status`) VALUES
(1, 'Working'),
(2, 'Not Known'),
(3, 'Not Working');

-- --------------------------------------------------------

--
-- Table structure for table `equipment_location_log`
--

DROP TABLE IF EXISTS `equipment_location_log`;
CREATE TABLE IF NOT EXISTS `equipment_location_log` (
  `equipment_location_log_id` int(11) NOT NULL AUTO_INCREMENT,
  `equipment_id` int(11) NOT NULL,
  `receiver_party_id` int(11) NOT NULL COMMENT 'party id',
  `location_id` int(11) NOT NULL,
  `address` varchar(300) NOT NULL,
  `delivery_date` date NOT NULL,
  `note` text CHARACTER SET latin1 COLLATE latin1_spanish_ci DEFAULT NULL,
  `created_by` int(11) NOT NULL,
  `updated_by` int(11) NOT NULL,
  `created_datetime` datetime NOT NULL,
  `updated_datetime` datetime NOT NULL,
  PRIMARY KEY (`equipment_location_log_id`)
) ENGINE=MyISAM AUTO_INCREMENT=1 DEFAULT CHARSET=latin1;

-- --------------------------------------------------------

--
-- Table structure for table `equipment_maintenance_contract`
--

DROP TABLE IF EXISTS `equipment_maintenance_contract`;
CREATE TABLE IF NOT EXISTS `equipment_maintenance_contract` (
  `id` int(6) NOT NULL AUTO_INCREMENT,
  `type` tinyint(1) NOT NULL,
  `equipment_id` int(6) NOT NULL,
  `from_date` date NOT NULL,
  `to_date` date NOT NULL,
  `rate` varchar(10) NOT NULL,
  `cost` int(11) NOT NULL,
  `vendor_id` int(6) NOT NULL,
  PRIMARY KEY (`id`)
) ENGINE=InnoDB DEFAULT CHARSET=latin1 COMMENT='Maintenance contracts for equipments';

-- --------------------------------------------------------

--
-- Table structure for table `equipment_procurement_status`
--

DROP TABLE IF EXISTS `equipment_procurement_status`;
CREATE TABLE IF NOT EXISTS `equipment_procurement_status` (
  `equipment_procurement_status_id` int(11) NOT NULL AUTO_INCREMENT,
  `procurement_status` varchar(30) NOT NULL,
  PRIMARY KEY (`equipment_procurement_status_id`)
) ENGINE=MyISAM AUTO_INCREMENT=4 DEFAULT CHARSET=latin1;

--
-- Dumping data for table `equipment_procurement_status`
--

INSERT INTO `equipment_procurement_status` (`equipment_procurement_status_id`, `procurement_status`) VALUES
(1, 'Ordered'),
(2, 'Delivered'),
(3, 'Installed');

-- --------------------------------------------------------

--
-- Table structure for table `equipment_procurement_type`
--

DROP TABLE IF EXISTS `equipment_procurement_type`;
CREATE TABLE IF NOT EXISTS `equipment_procurement_type` (
  `equipment_procurement_type_id` int(11) NOT NULL AUTO_INCREMENT,
  `procurement_type` varchar(50) NOT NULL,
  PRIMARY KEY (`equipment_procurement_type_id`)
) ENGINE=MyISAM AUTO_INCREMENT=3 DEFAULT CHARSET=latin1;

--
-- Dumping data for table `equipment_procurement_type`
--

INSERT INTO `equipment_procurement_type` (`equipment_procurement_type_id`, `procurement_type`) VALUES
(1, 'Purchased'),
(2, 'Donated');

-- --------------------------------------------------------

--
-- Table structure for table `equipment_service_issue_type`
--

DROP TABLE IF EXISTS `equipment_service_issue_type`;
CREATE TABLE IF NOT EXISTS `equipment_service_issue_type` (
  `equipment_service_issue_type_id` int(11) NOT NULL AUTO_INCREMENT,
  `equipment_service_issue_type` varchar(70) NOT NULL,
  PRIMARY KEY (`equipment_service_issue_type_id`)
) ENGINE=MyISAM AUTO_INCREMENT=3 DEFAULT CHARSET=latin1;

--
-- Dumping data for table `equipment_service_issue_type`
--

INSERT INTO `equipment_service_issue_type` (`equipment_service_issue_type_id`, `equipment_service_issue_type`) VALUES
(1, 'Break down'),
(2, 'Technical Problem');

-- --------------------------------------------------------

--
-- Table structure for table `equipment_service_record`
--

DROP TABLE IF EXISTS `equipment_service_record`;
CREATE TABLE IF NOT EXISTS `equipment_service_record` (
  `request_id` int(6) NOT NULL AUTO_INCREMENT,
  `equipment_id` int(6) NOT NULL,
  `user_id` int(8) NOT NULL,
  `call_date` date DEFAULT NULL,
  `call_time` time DEFAULT NULL,
  `call_type` varchar(20) NOT NULL COMMENT 'Hardcoded, online, call, inperson',
  `service_issue_type_id` int(11) NOT NULL,
  `call_information` varchar(500) DEFAULT NULL,
  `caller_institution_id` int(10) NOT NULL,
  `contact_person` varchar(70) NOT NULL,
  `service_provider_id` varchar(50) DEFAULT NULL COMMENT 'vendor_id',
  `service_person` varchar(50) DEFAULT NULL,
  `service_person_phone` varchar(12) NOT NULL,
  `contact_person_phone` varchar(12) NOT NULL,
  `service_person_remarks` varchar(500) DEFAULT NULL,
  `issue_closure` datetime DEFAULT NULL,
  `functional_status_id` tinyint(1) NOT NULL DEFAULT 1,
  PRIMARY KEY (`request_id`),
  UNIQUE KEY `request_id` (`request_id`)
) ENGINE=MyISAM AUTO_INCREMENT=1 DEFAULT CHARSET=utf8 COMMENT='Service records log for equipments';

-- --------------------------------------------------------

--
-- Table structure for table `equipment_service_record_log`
--

DROP TABLE IF EXISTS `equipment_service_record_log`;
CREATE TABLE IF NOT EXISTS `equipment_service_record_log` (
  `service_record_log_id` int(11) NOT NULL AUTO_INCREMENT,
  `request_id` int(11) NOT NULL,
  `status_note` varchar(500) NOT NULL,
  `created_on` datetime NOT NULL,
  `created_by` int(11) NOT NULL,
  PRIMARY KEY (`service_record_log_id`)
) ENGINE=MyISAM DEFAULT CHARSET=latin1;

-- --------------------------------------------------------

--
-- Table structure for table `equipment_type`
--

DROP TABLE IF EXISTS `equipment_type`;
CREATE TABLE IF NOT EXISTS `equipment_type` (
  `equipment_type_id` int(3) NOT NULL AUTO_INCREMENT,
  `equipment_category_id` int(11) DEFAULT NULL,
  `equipment_type` varchar(200) NOT NULL,
  PRIMARY KEY (`equipment_type_id`)
) ENGINE=MyISAM AUTO_INCREMENT=6 DEFAULT CHARSET=latin1 COMMENT='List of equipment types';

--
-- Dumping data for table `equipment_type`
--

INSERT INTO `equipment_type` (`equipment_type_id`, `equipment_category_id`, `equipment_type`) VALUES
(1, 1, 'Ventilator'),
(2, 1, 'Patient Monitor'),
(3, 2, 'Laptop'),
(4, 3, 'Table'),
(5, 3, 'Chair');

-- --------------------------------------------------------

--
-- Table structure for table `journal_type`
--

DROP TABLE IF EXISTS `journal_type`;
CREATE TABLE IF NOT EXISTS `journal_type` (
  `journal_type_id` int(11) NOT NULL AUTO_INCREMENT,
  `journal_type` varchar(30) NOT NULL,
  PRIMARY KEY (`journal_type_id`)
) ENGINE=MyISAM AUTO_INCREMENT=5 DEFAULT CHARSET=latin1;

--
-- Dumping data for table `journal_type`
--

INSERT INTO `journal_type` (`journal_type_id`, `journal_type`) VALUES
(1, 'Journal'),
(2, 'CA'),
(3, 'FCRA'),
(4, 'YesBank');

-- --------------------------------------------------------

--
-- Table structure for table `location`
--

DROP TABLE IF EXISTS `location`;
CREATE TABLE IF NOT EXISTS `location` (
  `location_id` int(11) NOT NULL AUTO_INCREMENT,
  `location` varchar(250) NOT NULL,
  `district_id` int(11) DEFAULT NULL,
  PRIMARY KEY (`location_id`)
) ENGINE=MyISAM AUTO_INCREMENT=1 DEFAULT CHARSET=latin1;

-- --------------------------------------------------------

--
-- Table structure for table `party`
--

DROP TABLE IF EXISTS `party`;
CREATE TABLE IF NOT EXISTS `party` (
  `party_id` int(11) NOT NULL AUTO_INCREMENT,
  `party_type_id` int(11) NOT NULL,
  `party_name` varchar(30) NOT NULL,
  `party_address` varchar(50) NOT NULL,
  `place` varchar(50) NOT NULL,
  `district_id` int(11) DEFAULT NULL,
  `bank_account_no` varchar(30) NOT NULL,
  `bank_name` varchar(200) NOT NULL,
  `bank_branch` varchar(100) NOT NULL,
  `party_email` varchar(200) NOT NULL,
  `party_phone` varchar(20) NOT NULL,
  `contact_person_id` int(11) NOT NULL COMMENT 'primary contact person',
  `party_pan` varchar(10) NOT NULL,
  PRIMARY KEY (`party_id`),
  KEY `vendor_type_id` (`party_type_id`)
) ENGINE=InnoDB AUTO_INCREMENT=1 DEFAULT CHARSET=latin1 COMMENT='List of vendors';

-- --------------------------------------------------------

--
-- Table structure for table `party_contact`
--

DROP TABLE IF EXISTS `party_contact`;
CREATE TABLE IF NOT EXISTS `party_contact` (
  `person_id` int(11) NOT NULL AUTO_INCREMENT,
  `party_id` int(11) DEFAULT NULL,
  `person_name` varchar(70) NOT NULL,
  `phone` varchar(10) NOT NULL,
  `email` varchar(70) NOT NULL,
  `role` varchar(70) DEFAULT NULL,
  `note` text DEFAULT NULL,
  PRIMARY KEY (`person_id`)
) ENGINE=MyISAM AUTO_INCREMENT=1 DEFAULT CHARSET=latin1 COMMENT='To add additional contacts for a party';

-- --------------------------------------------------------

--
-- Table structure for table `party_type`
--

DROP TABLE IF EXISTS `party_type`;
CREATE TABLE IF NOT EXISTS `party_type` (
  `party_type_id` int(11) NOT NULL AUTO_INCREMENT,
  `party_type` varchar(50) NOT NULL,
  `is_org` tinyint(4) DEFAULT NULL COMMENT '1- For organisations, 0-For individuals',
  PRIMARY KEY (`party_type_id`)
) ENGINE=InnoDB AUTO_INCREMENT=6 DEFAULT CHARSET=latin1;

--
-- Dumping data for table `party_type`
--

INSERT INTO `party_type` (`party_type_id`, `party_type`, `is_org`) VALUES
(1, 'Donor', 1),
(2, 'NPO', 1),
(3, 'Public Institution', 1),
(4, 'Vendor', 1),
(5, 'Individual', 0);

-- --------------------------------------------------------

--
-- Table structure for table `state`
--

DROP TABLE IF EXISTS `state`;
CREATE TABLE IF NOT EXISTS `state` (
  `state_id` int(2) NOT NULL AUTO_INCREMENT,
  `state` varchar(50) NOT NULL,
  `latitude` double NOT NULL,
  `longitude` double NOT NULL,
  `country_id` int(11) NOT NULL,
  PRIMARY KEY (`state_id`)
) ENGINE=InnoDB AUTO_INCREMENT=34 DEFAULT CHARSET=latin1;

--
-- Dumping data for table `state`
--

INSERT INTO `state` (`state_id`, `state`, `latitude`, `longitude`, `country_id`) VALUES
(1, 'Telangana', 17.600206, 78.800504, 1),
(2, 'Andhra Pradesh', 16.318193, 80.382536, 1),
(3, 'Tamil Nadu', 11.039635, 78.578031, 1),
(4, 'Madhya Pradesh', 23.279856, 78.602751, 1),
(5, 'Karnataka', 14.53115, 75.798128, 1),
(6, 'West Bengal', 22.942271, 87.930894, 1),
(7, 'Manipur', 24.804991, 93.896835, 1),
(8, 'Gujarat', 22.91835, 71.705917, 1),
(9, 'Rajasthan', 26.577294, 73.861917, 1),
(10, 'Delhi', 28.649697, 77.140758, 1),
(11, 'Odisha', 20.589933, 85.257663, 1),
(12, 'Maharashtra', 19.436016, 75.510961, 1),
(13, 'Assam', 26.436624, 92.561742, 1),
(14, 'Kerala', 10.450523, 76.444799, 1),
(15, 'Chattisgarh', 21.274194, 81.768194, 1),
(16, 'Jharkhand', 23.473592, 85.42405, 1),
(17, 'Bihar', 25.621979, 85.292214, 1),
(18, 'Goa', 15.382791, 74.02325, 1),
(19, 'Uttar Pradesh', 27.050105, 80.366176, 1),
(20, 'Uttarakhand', 30.208031, 79.232403, 1),
(21, 'Haryana', 29.187481, 76.364479, 1),
(22, 'Punjab', 30.828966, 75.376656, 1),
(23, 'Himachal Pradesh', 32.033663, 76.996261, 1),
(24, 'Jammu and Kashmir', 33.767703, 74.941817, 1),
(25, 'Ladhak', 34.387227, 77.256454, 1),
(26, 'Sikkim', 27.334052, 88.563967, 1),
(27, 'Arunachal Pradesh', 27.915205, 94.176195, 1),
(28, 'Nagaland', 25.834531, 94.291511, 1),
(29, 'Mizoram', 23.699891, 92.753425, 1),
(30, 'Tripura', 23.716034, 91.544956, 1),
(32, 'Meghalaya', 25.531115, 91.30875, 1),
(33, 'Puducherry', 11.937216, 79.827088, 1);

-- --------------------------------------------------------

--
-- Table structure for table `user`
--

DROP TABLE IF EXISTS `user`;
CREATE TABLE IF NOT EXISTS `user` (
  `user_id` int(11) NOT NULL AUTO_INCREMENT,
  `first_name` varchar(40) NOT NULL,
  `last_name` varchar(40) NOT NULL,
  `username` varchar(40) NOT NULL,
  `phone` varchar(11) DEFAULT NULL,
  `email` varchar(55) CHARACTER SET latin1 COLLATE latin1_spanish_ci DEFAULT NULL,
  `password` varchar(150) NOT NULL,
  `default_party_id` int(11) DEFAULT NULL,
  `created_datetime` datetime DEFAULT NULL,
  `updated_datetime` datetime DEFAULT NULL,
  PRIMARY KEY (`user_id`)
) ENGINE=MyISAM AUTO_INCREMENT=1 DEFAULT CHARSET=latin1;

-- --------------------------------------------------------

--
-- Table structure for table `user_function`
--

DROP TABLE IF EXISTS `user_function`;
CREATE TABLE IF NOT EXISTS `user_function` (
  `user_function_id` int(11) NOT NULL AUTO_INCREMENT,
  `user_function` varchar(50) NOT NULL,
  `user_function_display` varchar(100) NOT NULL,
  `description` text NOT NULL,
  PRIMARY KEY (`user_function_id`)
) ENGINE=MyISAM AUTO_INCREMENT=1 DEFAULT CHARSET=latin1;

-- --------------------------------------------------------

--
-- Table structure for table `user_function_link`
--

DROP TABLE IF EXISTS `user_function_link`;
CREATE TABLE IF NOT EXISTS `user_function_link` (
  `link_id` int(11) NOT NULL AUTO_INCREMENT,
  `user_id` int(11) NOT NULL,
  `function_id` int(11) NOT NULL,
  `add` tinyint(1) NOT NULL,
  `edit` tinyint(1) NOT NULL,
  `view` tinyint(1) NOT NULL,
  `remove` tinyint(1) NOT NULL,
  `active` int(1) NOT NULL DEFAULT 1 COMMENT '1- Function active with user, 0- Function disabled.',
  PRIMARY KEY (`link_id`)
) ENGINE=InnoDB AUTO_INCREMENT=1 DEFAULT CHARSET=latin1 COMMENT='Links users to functions with specific permissions';

-- --------------------------------------------------------

--
-- Table structure for table `user_party_link`
--

DROP TABLE IF EXISTS `user_party_link`;
CREATE TABLE IF NOT EXISTS `user_party_link` (
  `link_id` int(11) NOT NULL AUTO_INCREMENT,
  `user_id` int(11) NOT NULL,
  `party_id` int(11) NOT NULL,
  `created_datetime` datetime NOT NULL,
  PRIMARY KEY (`link_id`)
) ENGINE=MyISAM DEFAULT CHARSET=latin1;

-- --------------------------------------------------------

--
-- Table structure for table `user_signin`
--

DROP TABLE IF EXISTS `user_signin`;
CREATE TABLE IF NOT EXISTS `user_signin` (
  `id` int(11) NOT NULL AUTO_INCREMENT,
  `username` varchar(60) NOT NULL,
  `signin_date_time` datetime NOT NULL,
  `is_success` tinyint(1) NOT NULL,
  `details` text NOT NULL,
  PRIMARY KEY (`id`)
) ENGINE=InnoDB AUTO_INCREMENT=1 DEFAULT CHARSET=latin1 COMMENT='Table for storing the user login activities';
COMMIT;

/*!40101 SET CHARACTER_SET_CLIENT=@OLD_CHARACTER_SET_CLIENT */;
/*!40101 SET CHARACTER_SET_RESULTS=@OLD_CHARACTER_SET_RESULTS */;
/*!40101 SET COLLATION_CONNECTION=@OLD_COLLATION_CONNECTION */;
